รหัส9หลัก,ชื่อหน่วยงาน,รหัสสังกัด,สังกัด,รหัสประเภท,ประเภท,ระดับขีดความสามารถ,จำนวนเตียง,รหัสจังหวัด,จังหวัด,รหัสอำเภอ,อำเภอ,รหัสตำบล,ตำบล,รหัสหมู่,หมู่,สถานะ,สถานะการเปิดบริการ,ที่อยู่,รหัสไปรษณีย์,โทรศัพท์,โทรสาร,รหัสระดับการบริการ,ระดับการบริการ,รหัสประเภทบริการ,ประเภทบริการ,รหัสการเปลี่ยนแปลง,ชื่อการเปลี่ยนแปลง,หมายเหตุ,วันที่กำหนดรหัส,วันที่ยกเลิกรหัส,วันที่เปิดบริการ,วันที่ปิดบริการ,วันที่ปรับปรุงข้อมูลล่าสุด,รหัส5หลัก,Unnamed: 35
683800,โรงพยาบาลส่งเสริมสุขภาพตำบลห้วยปูลิง,21002,กระทรวงสาธารณสุข สำนักงานปลัดกระทรวงสาธารณสุข,18,โรงพยาบาลส่งเสริมสุขภาพตำบล,,0.0,58,จ.แม่ฮ่องสอน,1,อ.เมืองแม่ฮ่องสอน,9, ต.ห้วยปูลิง,1,หมู่ 1,1,เปิดดำเนินการ,,5800.0,,,10.0,1 ปฐมภูมิ,S,บริการ  ,,,,,,,,,6838, 
683900,โรงพยาบาลส่งเสริมสุขภาพตำบลหนองขาวกลาง,21002,กระทรวงสาธารณสุข สำนักงานปลัดกระทรวงสาธารณสุข,18,โรงพยาบาลส่งเสริมสุขภาพตำบล,,0.0,58,จ.แม่ฮ่องสอน,1,อ.เมืองแม่ฮ่องสอน,9, ต.ห้วยปูลิง,3,หมู่ 3,1,เปิดดำเนินการ,,58000.0,,,10.0,1 ปฐมภูมิ,S,บริการ  ,,,,,,,,,6839, 
684000,โรงพยาบาลส่งเสริมสุขภาพตำบลแม่สุริน,21002,กระทรวงสาธารณสุข สำนักงานปลัดกระทรวงสาธารณสุข,18,โรงพยาบาลส่งเสริมสุขภาพตำบล,,0.0,58,จ.แม่ฮ่องสอน,2,อ.ขุนยวม,1, ต.ขุนยวม,3,หมู่ 3,1,เปิดดำเนินการ,,58000.0,,,10.0,1 ปฐมภูมิ,S,บริการ  ,,,,,,,,,6840, 
684200,โรงพยาบาลส่งเสริมสุขภาพตำบลเมืองปอน,21002,กระทรวงสาธารณสุข สำนักงานปลัดกระทรวงสาธารณสุข,18,โรงพยาบาลส่งเสริมสุขภาพตำบล,,0.0,58,จ.แม่ฮ่องสอน,2,อ.ขุนยวม,3, ต.เมืองปอน,1,หมู่ 1,1,เปิดดำเนินการ,,58000.0,,,10.0,1 ปฐมภูมิ,S,บริการ  ,,,,,,,,,6842, 
684300,โรงพยาบาลส่งเสริมสุขภาพตำบลแม่ลาก๊ะ,21002,กระทรวงสาธารณสุข สำนักงานปลัดกระทรวงสาธารณสุข,18,โรงพยาบาลส่งเสริมสุขภาพตำบล,,0.0,58,จ.แม่ฮ่องสอน,2,อ.ขุนยวม,3, ต.เมืองปอน,6,หมู่ 6,1,เปิดดำเนินการ,,58000.0,,,10.0,1 ปฐมภูมิ,S,บริการ  ,,,,,,,,,6843, 
684400,โรงพยาบาลส่งเสริมสุขภาพตำบลท่าหินส้ม,21002,กระทรวงสาธารณสุข สำนักงานปลัดกระทรวงสาธารณสุข,18,โรงพยาบาลส่งเสริมสุขภาพตำบล,,0.0,58,จ.แม่ฮ่องสอน,2,อ.ขุนยวม,3, ต.เมืองปอน,7,หมู่ 7,1,เปิดดำเนินการ,,58000.0,,,10.0,1 ปฐมภูมิ,S,บริการ  ,,,,,,,,,6844, 
684500,โรงพยาบาลส่งเสริมสุขภาพตำบลหัวปอน,21002,กระทรวงสาธารณสุข สำนักงานปลัดกระทรวงสาธารณสุข,18,โรงพยาบาลส่งเสริมสุขภาพตำบล,,0.0,58,จ.แม่ฮ่องสอน,2,อ.ขุนยวม,4, ต.แม่ยวมน้อย,1,หมู่ 1,1,เปิดดำเนินการ,,58000.0,,,10.0,1 ปฐมภูมิ,S,บริการ  ,,,,,,,,,6845, 
684700,โรงพยาบาลส่งเสริมสุขภาพตำบลแม่กิ๊,21002,กระทรวงสาธารณสุข สำนักงานปลัดกระทรวงสาธารณสุข,18,โรงพยาบาลส่งเสริมสุขภาพตำบล,,0.0,58,จ.แม่ฮ่องสอน,2,อ.ขุนยวม,5, ต.แม่กิ๊,1,หมู่ 1,1,เปิดดำเนินการ,,58000.0,,,10.0,1 ปฐมภูมิ,S,บริการ  ,,,,,,,,,6847, 
684900,โรงพยาบาลส่งเสริมสุขภาพตำบลเวียงเหนือ,21002,กระทรวงสาธารณสุข สำนักงานปลัดกระทรวงสาธารณสุข,18,โรงพยาบาลส่งเสริมสุขภาพตำบล,,0.0,58,จ.แม่ฮ่องสอน,3,อ.ปาย,2, ต.เวียงเหนือ,1,หมู่ 1,1,เปิดดำเนินการ,,58000.0,,,10.0,1 ปฐมภูมิ,,,,,,,,,,,6849, 
685000,โรงพยาบาลส่งเสริมสุขภาพตำบลเมืองน้อย,21002,กระทรวงสาธารณสุข สำนักงานปลัดกระทรวงสาธารณสุข,18,โรงพยาบาลส่งเสริมสุขภาพตำบล,,0.0,58,จ.แม่ฮ่องสอน,3,อ.ปาย,2, ต.เวียงเหนือ,4,หมู่ 4,1,เปิดดำเนินการ,,58000.0,,,10.0,1 ปฐมภูมิ,S,บริการ  ,,,,,,,,,6850, 
686600,โรงพยาบาลส่งเสริมสุขภาพตำบลสล่าเชียงตอง,21002,กระทรวงสาธารณสุข สำนักงานปลัดกระทรวงสาธารณสุข,18,โรงพยาบาลส่งเสริมสุขภาพตำบล,,0.0,58,จ.แม่ฮ่องสอน,4,อ.แม่สะเรียง,6, ต.เสาหิน,6,หมู่ 6,1,เปิดดำเนินการ,,58000.0,,,10.0,1 ปฐมภูมิ,S,บริการ  ,,,,,,,,,6866, 
686800,โรงพยาบาลส่งเสริมสุขภาพตำบลช่างหม้อ,21002,กระทรวงสาธารณสุข สำนักงานปลัดกระทรวงสาธารณสุข,18,โรงพยาบาลส่งเสริมสุขภาพตำบล,,0.0,58,จ.แม่ฮ่องสอน,4,อ.แม่สะเรียง,8, ต.ป่าแป๋,4,หมู่ 4,1,เปิดดำเนินการ,,58000.0,,,10.0,1 ปฐมภูมิ,S,บริการ  ,,,,,,,,,6868, 
687000,โรงพยาบาลส่งเสริมสุขภาพตำบลแม่สุ,21002,กระทรวงสาธารณสุข สำนักงานปลัดกระทรวงสาธารณสุข,18,โรงพยาบาลส่งเสริมสุขภาพตำบล,,0.0,58,จ.แม่ฮ่องสอน,5,อ.แม่ลาน้อย,2, ต.แม่ลาหลวง,2,หมู่ 2,1,เปิดดำเนินการ,,58000.0,,,10.0,1 ปฐมภูมิ,S,บริการ  ,,,,,,,,,6870, 
687400,โรงพยาบาลส่งเสริมสุขภาพตำบลบ้านสาม,21002,กระทรวงสาธารณสุข สำนักงานปลัดกระทรวงสาธารณสุข,18,โรงพยาบาลส่งเสริมสุขภาพตำบล,,0.0,58,จ.แม่ฮ่องสอน,5,อ.แม่ลาน้อย,5, ต.ห้วยห้อม,3,หมู่ 3,1,เปิดดำเนินการ,,58000.0,,,10.0,1 ปฐมภูมิ,S,บริการ  ,,,,,,,,,6874, 
687600,โรงพยาบาลส่งเสริมสุขภาพตำบลแม่ปาง,21002,กระทรวงสาธารณสุข สำนักงานปลัดกระทรวงสาธารณสุข,18,โรงพยาบาลส่งเสริมสุขภาพตำบล,,0.0,58,จ.แม่ฮ่องสอน,5,อ.แม่ลาน้อย,7, ต.สันติคีรี,1,หมู่ 1,1,เปิดดำเนินการ,,58000.0,,,10.0,1 ปฐมภูมิ,S,บริการ  ,,,,,,,,,6876, 
687800,โรงพยาบาลส่งเสริมสุขภาพตำบลแม่ลาป่าแก่,21002,กระทรวงสาธารณสุข สำนักงานปลัดกระทรวงสาธารณสุข,18,โรงพยาบาลส่งเสริมสุขภาพตำบล,,0.0,58,จ.แม่ฮ่องสอน,5,อ.แม่ลาน้อย,8, ต.ขุนแม่ลาน้อย,3,หมู่ 3,1,เปิดดำเนินการ,,58000.0,,,10.0,1 ปฐมภูมิ,S,บริการ  ,,,,,,,,,6878, 
688400,โรงพยาบาลส่งเสริมสุขภาพตำบลสบเมย,21002,กระทรวงสาธารณสุข สำนักงานปลัดกระทรวงสาธารณสุข,18,โรงพยาบาลส่งเสริมสุขภาพตำบล,,0.0,58,จ.แม่ฮ่องสอน,6,อ.สบเมย,6, ต.แม่สามแลบ,4,หมู่ 4,1,เปิดดำเนินการ,,58000.0,,,10.0,1 ปฐมภูมิ,S,บริการ  ,,,,,,,,,6884, 
688500,โรงพยาบาลส่งเสริมสุขภาพตำบลกึ๊ดสามสิบ,21002,กระทรวงสาธารณสุข สำนักงานปลัดกระทรวงสาธารณสุข,18,โรงพยาบาลส่งเสริมสุขภาพตำบล,,0.0,58,จ.แม่ฮ่องสอน,7,อ.ปางมะผ้า,1, ต.สบป่อง,6,หมู่ 6,1,เปิดดำเนินการ,,58000.0,,,10.0,1 ปฐมภูมิ,S,บริการ  ,,,,,,,,,6885, 
687500,โรงพยาบาลส่งเสริมสุขภาพตำบลกอกหลวง,21002,กระทรวงสาธารณสุข สำนักงานปลัดกระทรวงสาธารณสุข,18,โรงพยาบาลส่งเสริมสุขภาพตำบล,,0.0,58,จ.แม่ฮ่องสอน,5,อ.แม่ลาน้อย,6, ต.แม่นาจาง,5,หมู่ 5,1,เปิดดำเนินการ,,58000.0,,,10.0,1 ปฐมภูมิ,S,บริการ  ,,,,,,,,,6875, 
687900,โรงพยาบาลส่งเสริมสุขภาพตำบลเลโค๊ะ,21002,กระทรวงสาธารณสุข สำนักงานปลัดกระทรวงสาธารณสุข,18,โรงพยาบาลส่งเสริมสุขภาพตำบล,,0.0,58,จ.แม่ฮ่องสอน,6,อ.สบเมย,1, ต.สบเมย,1,หมู่ 1,1,เปิดดำเนินการ,,58000.0,,,10.0,1 ปฐมภูมิ,S,บริการ  ,,,,,,,,,6879, 
688600,โรงพยาบาลส่งเสริมสุขภาพตำบลแม่ละนา,21002,กระทรวงสาธารณสุข สำนักงานปลัดกระทรวงสาธารณสุข,18,โรงพยาบาลส่งเสริมสุขภาพตำบล,,0.0,58,จ.แม่ฮ่องสอน,7,อ.ปางมะผ้า,2, ต.ปางมะผ้า,1,หมู่ 1,1,เปิดดำเนินการ,,58000.0,,,10.0,1 ปฐมภูมิ,S,บริการ  ,,,,,,,,,6886, 
1120300,โรงพยาบาลขุนยวม,21002,กระทรวงสาธารณสุข สำนักงานปลัดกระทรวงสาธารณสุข,7,โรงพยาบาลชุมชน,F2   ,30.0,58,จ.แม่ฮ่องสอน,2,อ.ขุนยวม,1, ต.ขุนยวม,1,หมู่ 1,1,เปิดดำเนินการ,455 ถ.กริชสุวรรณ ,58140.0,,,21.0,2.1 ทุติยภูมิระดับต้น,S,บริการ  ,,,,,,,,,11203, 
1120800,โรงพยาบาลปางมะผ้า,21002,กระทรวงสาธารณสุข สำนักงานปลัดกระทรวงสาธารณสุข,7,โรงพยาบาลชุมชน,F2   ,30.0,58,จ.แม่ฮ่องสอน,7,อ.ปางมะผ้า,1, ต.สบป่อง,1,หมู่ 1,1,เปิดดำเนินการ,240 ม.1 ,58150.0,,,21.0,2.1 ทุติยภูมิระดับต้น,,,,,,,,,,,11208, 
682800,โรงพยาบาลส่งเสริมสุขภาพตำบลผาบ่อง,21002,กระทรวงสาธารณสุข สำนักงานปลัดกระทรวงสาธารณสุข,18,โรงพยาบาลส่งเสริมสุขภาพตำบล,,0.0,58,จ.แม่ฮ่องสอน,1,อ.เมืองแม่ฮ่องสอน,3, ต.ผาบ่อง,1,หมู่ 1,1,เปิดดำเนินการ,,58000.0,,,10.0,1 ปฐมภูมิ,S,บริการ  ,,,,,,,,,6828, 
685100,โรงพยาบาลส่งเสริมสุขภาพตำบลม่วงสร้อย,21002,กระทรวงสาธารณสุข สำนักงานปลัดกระทรวงสาธารณสุข,18,โรงพยาบาลส่งเสริมสุขภาพตำบล,,0.0,58,จ.แม่ฮ่องสอน,3,อ.ปาย,3, ต.แม่นาเติง,3,หมู่ 3,1,เปิดดำเนินการ,,58000.0,,,10.0,1 ปฐมภูมิ,S,บริการ  ,,,,,,,,,6851, 
1054100,โรงพยาบาลส่งเสริมสุขภาพตำบลแม่สามแลบ,21002,กระทรวงสาธารณสุข สำนักงานปลัดกระทรวงสาธารณสุข,18,โรงพยาบาลส่งเสริมสุขภาพตำบล,,0.0,58,จ.แม่ฮ่องสอน,6,อ.สบเมย,6, ต.แม่สามแลบ,1,หมู่ 1,1,เปิดดำเนินการ,,,,,10.0,1 ปฐมภูมิ,,,,,,,,,,,10541, 
682900,โรงพยาบาลส่งเสริมสุขภาพตำบลปางหมู,21002,กระทรวงสาธารณสุข สำนักงานปลัดกระทรวงสาธารณสุข,18,โรงพยาบาลส่งเสริมสุขภาพตำบล,,0.0,58,จ.แม่ฮ่องสอน,1,อ.เมืองแม่ฮ่องสอน,4, ต.ปางหมู,1,หมู่ 1,1,เปิดดำเนินการ,,58000.0,,,10.0,1 ปฐมภูมิ,S,บริการ  ,,,,,,,,,6829, 
683000,โรงพยาบาลส่งเสริมสุขภาพตำบลกุงไม้สัก,21002,กระทรวงสาธารณสุข สำนักงานปลัดกระทรวงสาธารณสุข,18,โรงพยาบาลส่งเสริมสุขภาพตำบล,,0.0,58,จ.แม่ฮ่องสอน,1,อ.เมืองแม่ฮ่องสอน,4, ต.ปางหมู,2,หมู่ 2,1,เปิดดำเนินการ,,58000.0,,,10.0,1 ปฐมภูมิ,S,บริการ  ,,,,,,,,,6830, 
683200,โรงพยาบาลส่งเสริมสุขภาพตำบลหมอกจำแป่,21002,กระทรวงสาธารณสุข สำนักงานปลัดกระทรวงสาธารณสุข,18,โรงพยาบาลส่งเสริมสุขภาพตำบล,,0.0,58,จ.แม่ฮ่องสอน,1,อ.เมืองแม่ฮ่องสอน,5, ต.หมอกจำแป่,1,หมู่ 1,1,เปิดดำเนินการ,,58000.0,,,10.0,1 ปฐมภูมิ,S,บริการ  ,,,,,,,,,6832, 
684800,โรงพยาบาลส่งเสริมสุขภาพตำบลปางตอง,21002,กระทรวงสาธารณสุข สำนักงานปลัดกระทรวงสาธารณสุข,18,โรงพยาบาลส่งเสริมสุขภาพตำบล,,0.0,58,จ.แม่ฮ่องสอน,2,อ.ขุนยวม,6, ต.แม่อูคอ,3,หมู่ 3,1,เปิดดำเนินการ,,58000.0,,,10.0,1 ปฐมภูมิ,S,บริการ  ,,,,,,,,,6848, 
685800,โรงพยาบาลส่งเสริมสุขภาพตำบลโป่งสา,21002,กระทรวงสาธารณสุข สำนักงานปลัดกระทรวงสาธารณสุข,18,โรงพยาบาลส่งเสริมสุขภาพตำบล,,0.0,58,จ.แม่ฮ่องสอน,3,อ.ปาย,7, ต.โป่งสา,1,หมู่ 1,1,เปิดดำเนินการ,,58000.0,,,10.0,1 ปฐมภูมิ,S,บริการ  ,,,,,,,,,6858, 
685900,โรงพยาบาลส่งเสริมสุขภาพตำบลสบหาร,21002,กระทรวงสาธารณสุข สำนักงานปลัดกระทรวงสาธารณสุข,18,โรงพยาบาลส่งเสริมสุขภาพตำบล,,0.0,58,จ.แม่ฮ่องสอน,4,อ.แม่สะเรียง,1, ต.บ้านกาศ,2,หมู่ 2,1,เปิดดำเนินการ,,58000.0,,,10.0,1 ปฐมภูมิ,S,บริการ  ,,,,,,,,,6859, 
686100,โรงพยาบาลส่งเสริมสุขภาพตำบลทุ่งแล้ง,21002,กระทรวงสาธารณสุข สำนักงานปลัดกระทรวงสาธารณสุข,18,โรงพยาบาลส่งเสริมสุขภาพตำบล,,0.0,58,จ.แม่ฮ่องสอน,4,อ.แม่สะเรียง,3, ต.แม่คง,1,หมู่ 1,1,เปิดดำเนินการ,,58000.0,,,10.0,1 ปฐมภูมิ,S,บริการ  ,,,,,,,,,6861, 
686200,โรงพยาบาลส่งเสริมสุขภาพตำบลแม่เหาะ,21002,กระทรวงสาธารณสุข สำนักงานปลัดกระทรวงสาธารณสุข,18,โรงพยาบาลส่งเสริมสุขภาพตำบล,,0.0,58,จ.แม่ฮ่องสอน,4,อ.แม่สะเรียง,4, ต.แม่เหาะ,4,หมู่ 4,1,เปิดดำเนินการ,,58000.0,,,10.0,1 ปฐมภูมิ,S,บริการ  ,,,,,,,,,6862, 
686300,โรงพยาบาลส่งเสริมสุขภาพตำบลน้ำดิบ,21002,กระทรวงสาธารณสุข สำนักงานปลัดกระทรวงสาธารณสุข,18,โรงพยาบาลส่งเสริมสุขภาพตำบล,,0.0,58,จ.แม่ฮ่องสอน,4,อ.แม่สะเรียง,5, ต.แม่ยวม,1,หมู่ 1,1,เปิดดำเนินการ,,58000.0,,,10.0,1 ปฐมภูมิ,S,บริการ  ,,,,,,,,,6863, 
686400,โรงพยาบาลส่งเสริมสุขภาพตำบลห้วยสิงห์,21002,กระทรวงสาธารณสุข สำนักงานปลัดกระทรวงสาธารณสุข,18,โรงพยาบาลส่งเสริมสุขภาพตำบล,,0.0,58,จ.แม่ฮ่องสอน,4,อ.แม่สะเรียง,5, ต.แม่ยวม,4,หมู่ 4,1,เปิดดำเนินการ,,58000.0,,,10.0,1 ปฐมภูมิ,S,บริการ  ,,,,,,,,,6864, 
686700,โรงพยาบาลส่งเสริมสุขภาพตำบลป่าแป๋,21002,กระทรวงสาธารณสุข สำนักงานปลัดกระทรวงสาธารณสุข,18,โรงพยาบาลส่งเสริมสุขภาพตำบล,,0.0,58,จ.แม่ฮ่องสอน,4,อ.แม่สะเรียง,8, ต.ป่าแป๋,3,หมู่ 3,1,เปิดดำเนินการ,,58000.0,,,10.0,1 ปฐมภูมิ,S,บริการ  ,,,,,,,,,6867, 
687100,โรงพยาบาลส่งเสริมสุขภาพตำบลแม่เตี๋ย,21002,กระทรวงสาธารณสุข สำนักงานปลัดกระทรวงสาธารณสุข,18,โรงพยาบาลส่งเสริมสุขภาพตำบล,,0.0,58,จ.แม่ฮ่องสอน,5,อ.แม่ลาน้อย,3, ต.ท่าผาปุ้ม,5,หมู่ 5,1,เปิดดำเนินการ,,58000.0,,,10.0,1 ปฐมภูมิ,S,บริการ  ,,,,,,,,,6871, 
687200,โรงพยาบาลส่งเสริมสุขภาพตำบลแม่โถ,21002,กระทรวงสาธารณสุข สำนักงานปลัดกระทรวงสาธารณสุข,18,โรงพยาบาลส่งเสริมสุขภาพตำบล,,0.0,58,จ.แม่ฮ่องสอน,5,อ.แม่ลาน้อย,4, ต.แม่โถ,3,หมู่ 3,1,เปิดดำเนินการ,,58000.0,,,10.0,1 ปฐมภูมิ,S,บริการ  ,,,,,,,,,6872, 
687300,โรงพยาบาลส่งเสริมสุขภาพตำบลละอูบ,21002,กระทรวงสาธารณสุข สำนักงานปลัดกระทรวงสาธารณสุข,18,โรงพยาบาลส่งเสริมสุขภาพตำบล,,0.0,58,จ.แม่ฮ่องสอน,5,อ.แม่ลาน้อย,5, ต.ห้วยห้อม,6,หมู่ 6,1,เปิดดำเนินการ,,58000.0,,,10.0,1 ปฐมภูมิ,S,บริการ  ,,,,,,,,,6873, 
688000,โรงพยาบาลส่งเสริมสุขภาพตำบลบ้านผาผ่า,21002,กระทรวงสาธารณสุข สำนักงานปลัดกระทรวงสาธารณสุข,18,โรงพยาบาลส่งเสริมสุขภาพตำบล,,0.0,58,จ.แม่ฮ่องสอน,6,อ.สบเมย,2, ต.แม่คะตวน,1,หมู่ 1,1,เปิดดำเนินการ,,58000.0,,,10.0,1 ปฐมภูมิ,S,บริการ  ,,,,,,,,,6880, 
688300,โรงพยาบาลส่งเสริมสุขภาพตำบลกองแปเหนือ,21002,กระทรวงสาธารณสุข สำนักงานปลัดกระทรวงสาธารณสุข,18,โรงพยาบาลส่งเสริมสุขภาพตำบล,,0.0,58,จ.แม่ฮ่องสอน,6,อ.สบเมย,5, ต.ป่าโปง,2,หมู่ 2,1,เปิดดำเนินการ,,58000.0,,,10.0,1 ปฐมภูมิ,S,บริการ  ,,,,,,,,,6883, 
688700,โรงพยาบาลส่งเสริมสุขภาพตำบลถ้ำลอด,21002,กระทรวงสาธารณสุข สำนักงานปลัดกระทรวงสาธารณสุข,18,โรงพยาบาลส่งเสริมสุขภาพตำบล,,0.0,58,จ.แม่ฮ่องสอน,7,อ.ปางมะผ้า,3, ต.ถ้ำลอด,1,หมู่ 1,1,เปิดดำเนินการ,,58000.0,,,10.0,1 ปฐมภูมิ,S,บริการ  ,,,,,,,,,6887, 
688800,โรงพยาบาลส่งเสริมสุขภาพตำบลนาปู่ป้อม,21002,กระทรวงสาธารณสุข สำนักงานปลัดกระทรวงสาธารณสุข,18,โรงพยาบาลส่งเสริมสุขภาพตำบล,,0.0,58,จ.แม่ฮ่องสอน,7,อ.ปางมะผ้า,4, ต.นาปู่ป้อม,1,หมู่ 1,1,เปิดดำเนินการ,,58000.0,,,10.0,1 ปฐมภูมิ,S,บริการ  ,,,,,,,,,6888, 
1120400,โรงพยาบาลปาย,21002,กระทรวงสาธารณสุข สำนักงานปลัดกระทรวงสาธารณสุข,7,โรงพยาบาลชุมชน,F1   ,60.0,58,จ.แม่ฮ่องสอน,3,อ.ปาย,1, ต.เวียงใต้,1,หมู่ 1,1,เปิดดำเนินการ,,58130.0,,,21.0,2.1 ทุติยภูมิระดับต้น,,,,,ลดระดับ จาก  m2 เป็น f1 จากมติอกพ.สป วันที่ 20 พค.58,,,,,,11204, 
1443900,เทศบาลเมืองแม่ฮ่องสอน,23000,องค์การบริหารส่วนท้องถิ่น ไม่ระบุ,13,ศูนย์บริการสาธารณสุข,,0.0,58,จ.แม่ฮ่องสอน,1,อ.เมืองแม่ฮ่องสอน,1, ต.จองคำ,0,หมู่ 0,1,เปิดดำเนินการ,,,,,10.0,1 ปฐมภูมิ,,,,,,,,,,,14439, 
2280100,สถานพยาบาลเรือนจำจังหวัดแม่ฮ่องสอน,16000,กระทรวงยุติธรรม ไม่ระบุ,13,ศูนย์บริการสาธารณสุข,,0.0,58,จ.แม่ฮ่องสอน,1,อ.เมืองแม่ฮ่องสอน,4, ต.ปางหมู,11,หมู่ 11,1,เปิดดำเนินการ,200  ม.11 ถ.ศิริมงคล ,58000.0,,,10.0,1 ปฐมภูมิ,,,,,,,,,,,22801, 
685500,โรงพยาบาลส่งเสริมสุขภาพตำบลทุ่งโป่ง,21002,กระทรวงสาธารณสุข สำนักงานปลัดกระทรวงสาธารณสุข,18,โรงพยาบาลส่งเสริมสุขภาพตำบล,,0.0,58,จ.แม่ฮ่องสอน,3,อ.ปาย,5, ต.ทุ่งยาว,1,หมู่ 1,1,เปิดดำเนินการ,,58000.0,,,10.0,1 ปฐมภูมิ,S,บริการ  ,,,,,,,,,6855, 
686900,โรงพยาบาลส่งเสริมสุขภาพตำบลแม่ลาหลวง,21002,กระทรวงสาธารณสุข สำนักงานปลัดกระทรวงสาธารณสุข,18,โรงพยาบาลส่งเสริมสุขภาพตำบล,,0.0,58,จ.แม่ฮ่องสอน,5,อ.แม่ลาน้อย,2, ต.แม่ลาหลวง,1,หมู่ 1,1,เปิดดำเนินการ,,58000.0,,,10.0,1 ปฐมภูมิ,S,บริการ  ,,,,,,,,,6869, 
1402800,โรงพยาบาลส่งเสริมสุขภาพตำบลน้ำฮูผาเสื่อ,21002,กระทรวงสาธารณสุข สำนักงานปลัดกระทรวงสาธารณสุข,18,โรงพยาบาลส่งเสริมสุขภาพตำบล,,0.0,58,จ.แม่ฮ่องสอน,7,อ.ปางมะผ้า,4, ต.นาปู่ป้อม,4,หมู่ 4,1,เปิดดำเนินการ,,,,,10.0,1 ปฐมภูมิ,,,,,,,,,,,14028, 
683600,โรงพยาบาลส่งเสริมสุขภาพตำบลน้ำกัด,21002,กระทรวงสาธารณสุข สำนักงานปลัดกระทรวงสาธารณสุข,18,โรงพยาบาลส่งเสริมสุขภาพตำบล,,0.0,58,จ.แม่ฮ่องสอน,1,อ.เมืองแม่ฮ่องสอน,6, ต.ห้วยผา,2,หมู่ 2,1,เปิดดำเนินการ,,58000.0,,,10.0,1 ปฐมภูมิ,S,บริการ  ,,,,,,,,,6836, 
684100,โรงพยาบาลส่งเสริมสุขภาพตำบลต่อแพ,21002,กระทรวงสาธารณสุข สำนักงานปลัดกระทรวงสาธารณสุข,18,โรงพยาบาลส่งเสริมสุขภาพตำบล,,0.0,58,จ.แม่ฮ่องสอน,2,อ.ขุนยวม,2, ต.แม่เงา,1,หมู่ 1,1,เปิดดำเนินการ,,58000.0,,,10.0,1 ปฐมภูมิ,S,บริการ  ,,,,,,,,,6841, 
684600,โรงพยาบาลส่งเสริมสุขภาพตำบลแม่แจ๊ะ,21002,กระทรวงสาธารณสุข สำนักงานปลัดกระทรวงสาธารณสุข,18,โรงพยาบาลส่งเสริมสุขภาพตำบล,,0.0,58,จ.แม่ฮ่องสอน,2,อ.ขุนยวม,4, ต.แม่ยวมน้อย,5,หมู่ 5,1,เปิดดำเนินการ,,58000.0,,,10.0,1 ปฐมภูมิ,S,บริการ  ,,,,,,,,,6846, 
686000,โรงพยาบาลส่งเสริมสุขภาพตำบลแม่ต๊อบเหนือ,21002,กระทรวงสาธารณสุข สำนักงานปลัดกระทรวงสาธารณสุข,18,โรงพยาบาลส่งเสริมสุขภาพตำบล,,0.0,58,จ.แม่ฮ่องสอน,4,อ.แม่สะเรียง,1, ต.บ้านกาศ,7,หมู่ 7,1,เปิดดำเนินการ,,58000.0,,,10.0,1 ปฐมภูมิ,S,บริการ  ,,,,,,,,,6860, 
686500,โรงพยาบาลส่งเสริมสุขภาพตำบลโพซอ,21002,กระทรวงสาธารณสุข สำนักงานปลัดกระทรวงสาธารณสุข,18,โรงพยาบาลส่งเสริมสุขภาพตำบล,,0.0,58,จ.แม่ฮ่องสอน,4,อ.แม่สะเรียง,6, ต.เสาหิน,5,หมู่ 5,1,เปิดดำเนินการ,,58000.0,,,10.0,1 ปฐมภูมิ,S,บริการ  ,,,,,,,,,6865, 
1049300,โรงพยาบาลส่งเสริมสุขภาพตำบลบ้านห้วยนา,21002,กระทรวงสาธารณสุข สำนักงานปลัดกระทรวงสาธารณสุข,18,โรงพยาบาลส่งเสริมสุขภาพตำบล,,0.0,58,จ.แม่ฮ่องสอน,2,อ.ขุนยวม,2, ต.แม่เงา,5,หมู่ 5,1,เปิดดำเนินการ,,58000.0,,,10.0,1 ปฐมภูมิ,S,บริการ  ,,,,,,,,,10493, 
1048500,โรงพยาบาลส่งเสริมสุขภาพตำบลห้วยหมากลาง,21002,กระทรวงสาธารณสุข สำนักงานปลัดกระทรวงสาธารณสุข,18,โรงพยาบาลส่งเสริมสุขภาพตำบล,,0.0,58,จ.แม่ฮ่องสอน,1,อ.เมืองแม่ฮ่องสอน,2, ต.ห้วยโป่ง,4,หมู่ 4,1,เปิดดำเนินการ,,58000.0,,,10.0,1 ปฐมภูมิ,S,บริการ  ,,,,,,,,,10485, 
1050900,โรงพยาบาลส่งเสริมสุขภาพตำบลบ้านแม่ริดป่าแก่ ,21002,กระทรวงสาธารณสุข สำนักงานปลัดกระทรวงสาธารณสุข,18,โรงพยาบาลส่งเสริมสุขภาพตำบล,,0.0,58,จ.แม่ฮ่องสอน,4,อ.แม่สะเรียง,4, ต.แม่เหาะ,2,หมู่ 2,1,เปิดดำเนินการ,,58000.0,,,10.0,1 ปฐมภูมิ,S,บริการ  ,,,,,,,,,10509, 
685300,โรงพยาบาลส่งเสริมสุขภาพตำบลแม่ปิง,21002,กระทรวงสาธารณสุข สำนักงานปลัดกระทรวงสาธารณสุข,18,โรงพยาบาลส่งเสริมสุขภาพตำบล,,0.0,58,จ.แม่ฮ่องสอน,3,อ.ปาย,4, ต.แม่ฮี้,4,หมู่ 4,1,เปิดดำเนินการ,,58000.0,,,10.0,1 ปฐมภูมิ,S,บริการ  ,,,,,,,,,6853, 
685400,โรงพยาบาลส่งเสริมสุขภาพตำบลแม่ฮี้,21002,กระทรวงสาธารณสุข สำนักงานปลัดกระทรวงสาธารณสุข,18,โรงพยาบาลส่งเสริมสุขภาพตำบล,,0.0,58,จ.แม่ฮ่องสอน,3,อ.ปาย,4, ต.แม่ฮี้,5,หมู่ 5,1,เปิดดำเนินการ,,58000.0,,,10.0,1 ปฐมภูมิ,S,บริการ  ,,,,,,,,,6854, 
683300,โรงพยาบาลส่งเสริมสุขภาพตำบลนาป่าแปก,21002,กระทรวงสาธารณสุข สำนักงานปลัดกระทรวงสาธารณสุข,18,โรงพยาบาลส่งเสริมสุขภาพตำบล,,0.0,58,จ.แม่ฮ่องสอน,1,อ.เมืองแม่ฮ่องสอน,5, ต.หมอกจำแป่,4,หมู่ 4,1,เปิดดำเนินการ,,58000.0,,,10.0,1 ปฐมภูมิ,S,บริการ  ,,,,,,,,,6833, 
683400,โรงพยาบาลส่งเสริมสุขภาพตำบลรักไทย,21002,กระทรวงสาธารณสุข สำนักงานปลัดกระทรวงสาธารณสุข,18,โรงพยาบาลส่งเสริมสุขภาพตำบล,,0.0,58,จ.แม่ฮ่องสอน,1,อ.เมืองแม่ฮ่องสอน,5, ต.หมอกจำแป่,6,หมู่ 6,1,เปิดดำเนินการ,,58000.0,,,10.0,1 ปฐมภูมิ,S,บริการ  ,,,,,,,,,6834, 
683700,โรงพยาบาลส่งเสริมสุขภาพตำบลนาปลาจาด,21002,กระทรวงสาธารณสุข สำนักงานปลัดกระทรวงสาธารณสุข,18,โรงพยาบาลส่งเสริมสุขภาพตำบล,,0.0,58,จ.แม่ฮ่องสอน,1,อ.เมืองแม่ฮ่องสอน,6, ต.ห้วยผา,4,หมู่ 4,1,เปิดดำเนินการ,,58000.0,,,10.0,1 ปฐมภูมิ,S,บริการ  ,,,,,,,,,6837, 
685200,โรงพยาบาลส่งเสริมสุขภาพตำบลแม่ของ,21002,กระทรวงสาธารณสุข สำนักงานปลัดกระทรวงสาธารณสุข,18,โรงพยาบาลส่งเสริมสุขภาพตำบล,,0.0,58,จ.แม่ฮ่องสอน,3,อ.ปาย,3, ต.แม่นาเติง,5,หมู่ 5,1,เปิดดำเนินการ,,58000.0,,,10.0,1 ปฐมภูมิ,S,บริการ  ,,,,,,,,,6852, 
685600,โรงพยาบาลส่งเสริมสุขภาพตำบลแพมบก,21002,กระทรวงสาธารณสุข สำนักงานปลัดกระทรวงสาธารณสุข,18,โรงพยาบาลส่งเสริมสุขภาพตำบล,,0.0,58,จ.แม่ฮ่องสอน,3,อ.ปาย,5, ต.ทุ่งยาว,6,หมู่ 6,1,เปิดดำเนินการ,,58000.0,,,10.0,1 ปฐมภูมิ,S,บริการ  ,,,,,,,,,6856, 
1120600,โรงพยาบาลแม่ลาน้อย,21002,กระทรวงสาธารณสุข สำนักงานปลัดกระทรวงสาธารณสุข,7,โรงพยาบาลชุมชน,F2   ,30.0,58,จ.แม่ฮ่องสอน,5,อ.แม่ลาน้อย,8, ต.ขุนแม่ลาน้อย,9,หมู่ 9,1,เปิดดำเนินการ,79 ถ.เชียงใหม่-,58120.0,,,21.0,2.1 ทุติยภูมิระดับต้น,,,,,,,,,,,11206, 
1048700,สถานบริการสาธารณสุขชุมชนบ้านหนองเขียว ,21002,กระทรวงสาธารณสุข สำนักงานปลัดกระทรวงสาธารณสุข,4,สถานบริการสาธารณสุขชุมชน,,0.0,58,จ.แม่ฮ่องสอน,1,อ.เมืองแม่ฮ่องสอน,5, ต.หมอกจำแป่,10,หมู่ 10,1,เปิดดำเนินการ,,58000.0,,,10.0,1 ปฐมภูมิ,S,บริการ  ,,,,,,,,,10487, 
1049000,สถานบริการสาธารณสุขชุมชนบ้านห้วยตอง,21002,กระทรวงสาธารณสุข สำนักงานปลัดกระทรวงสาธารณสุข,4,สถานบริการสาธารณสุขชุมชน,,,58,จ.แม่ฮ่องสอน,1,อ.เมืองแม่ฮ่องสอน,9, ต.ห้วยปูลิง,5,หมู่ 5,1,เปิดดำเนินการ,,58000.0,,,10.0,1 ปฐมภูมิ,S,บริการ  ,,,เพิ่มรหัส 5 หลัก,,,,,,10490, 
1049900,สถานบริการสาธารณสุขชุมชนบ้านบ้านไทรงาม,21002,กระทรวงสาธารณสุข สำนักงานปลัดกระทรวงสาธารณสุข,4,สถานบริการสาธารณสุขชุมชน,,,58,จ.แม่ฮ่องสอน,3,อ.ปาย,3, ต.แม่นาเติง,10,หมู่ 10,1,เปิดดำเนินการ,,58000.0,,,10.0,1 ปฐมภูมิ,S,บริการ  ,,,เพิ่มรหัส 5 หลัก,,,,,,10499, 
1054800,สถานบริการสาธารณสุขชุมชนบ้านแอโก๋,21002,กระทรวงสาธารณสุข สำนักงานปลัดกระทรวงสาธารณสุข,4,สถานบริการสาธารณสุขชุมชน,,,58,จ.แม่ฮ่องสอน,7,อ.ปางมะผ้า,3, ต.ถ้ำลอด,2,หมู่ 2,1,เปิดดำเนินการ,,,,,10.0,1 ปฐมภูมิ,S,บริการ  ,,,เพิ่มรหัส 5 หลัก เพิ่มเติมข้อมูล,,,,,,10548, 
1419700,โรงพยาบาลธัญญารักษ์แม่ฮ่องสอน,21003,กระทรวงสาธารณสุข กรมการแพทย์,11,โรงพยาบาล นอก สป.สธ.,,46.0,58,จ.แม่ฮ่องสอน,1,อ.เมืองแม่ฮ่องสอน,4, ต.ปางหมู,0,หมู่ 0,1,เปิดดำเนินการ,,,,,,,,,2.0,แก้ไขชื่อ,แก้ชื่อ ศูนย์บำบัดรักษายาเสพติด แม่ฮ่องสอน เป็น โรงพยาบาลธัญญารักษ์แม่ฮ่องสอน,,,,,,14197, 
2284000,สถานพยาบาลเรือนจำอำเภอแม่สะเรียง,16000,กระทรวงยุติธรรม ไม่ระบุ,13,ศูนย์บริการสาธารณสุข,,0.0,58,จ.แม่ฮ่องสอน,4,อ.แม่สะเรียง,2, ต.แม่สะเรียง,0,หมู่ 0,1,เปิดดำเนินการ,30 ถ.เวียงใหม่ ,58110.0,,,10.0,1 ปฐมภูมิ,,,,,,,,,,,22840, 
1055200,สถานบริการสาธารรสุขชุมชนบ้านปุงยาม,21002,กระทรวงสาธารณสุข สำนักงานปลัดกระทรวงสาธารณสุข,4,สถานบริการสาธารณสุขชุมชน,,,58,จ.แม่ฮ่องสอน,7,อ.ปางมะผ้า,4, ต.นาปู่ป้อม,5,หมู่ 5,1,เปิดดำเนินการ,,,,,10.0,1 ปฐมภูมิ,S,บริการ  ,,,เพิ่มรหัส 5 หลัก,,,,,,10552, 
1053200,สถานบริการสาธารณสุขบ้านห้วยกองมูล,21002,กระทรวงสาธารณสุข สำนักงานปลัดกระทรวงสาธารณสุข,4,สถานบริการสาธารณสุขชุมชน,,,58,จ.แม่ฮ่องสอน,6,อ.สบเมย,1, ต.สบเมย,4,หมู่ 4,1,เปิดดำเนินการ,,,,,10.0,1 ปฐมภูมิ,S,บริการ  ,,,เพิ่มรหัส 5 หลัก,,,,,,10532, 
1054000,สถานบริการสาธารณสุขชุมชนบ้านห้วยหมูใต้,21002,กระทรวงสาธารณสุข สำนักงานปลัดกระทรวงสาธารณสุข,4,สถานบริการสาธารณสุขชุมชน,,,58,จ.แม่ฮ่องสอน,6,อ.สบเมย,5, ต.ป่าโปง,4,หมู่ 4,1,เปิดดำเนินการ,,,,,10.0,1 ปฐมภูมิ,S,บริการ  ,,,เพิ่มรหัส 5 หลัก,,,,,,10540, 
682700,โรงพยาบาลส่งเสริมสุขภาพตำบลไม้ฮุง,21002,กระทรวงสาธารณสุข สำนักงานปลัดกระทรวงสาธารณสุข,18,โรงพยาบาลส่งเสริมสุขภาพตำบล,,0.0,58,จ.แม่ฮ่องสอน,1,อ.เมืองแม่ฮ่องสอน,2, ต.ห้วยโป่ง,5,หมู่ 5,1,เปิดดำเนินการ,,58000.0,,,10.0,1 ปฐมภูมิ,S,บริการ  ,,,,,,,,,6827, 
688200,โรงพยาบาลส่งเสริมสุขภาพตำบลอุ้มโล๊ะ,21002,กระทรวงสาธารณสุข สำนักงานปลัดกระทรวงสาธารณสุข,18,โรงพยาบาลส่งเสริมสุขภาพตำบล,,0.0,58,จ.แม่ฮ่องสอน,6,อ.สบเมย,4, ต.แม่สวด,5,หมู่ 5,1,เปิดดำเนินการ,,58000.0,,,10.0,1 ปฐมภูมิ,S,บริการ  ,,,,,,,,,6882, 
688100,โรงพยาบาลส่งเสริมสุขภาพตำบลกองก๋อย,21002,กระทรวงสาธารณสุข สำนักงานปลัดกระทรวงสาธารณสุข,18,โรงพยาบาลส่งเสริมสุขภาพตำบล,,0.0,58,จ.แม่ฮ่องสอน,6,อ.สบเมย,3, ต.กองก๋อย,1,หมู่ 1,1,เปิดดำเนินการ,,58000.0,,,10.0,1 ปฐมภูมิ,S,บริการ  ,,,,,,,,,6881, 
4500,สำนักงานสาธารณสุขจังหวัดแม่ฮ่องสอน,21002,กระทรวงสาธารณสุข สำนักงานปลัดกระทรวงสาธารณสุข,1,สำนักงานสาธารณสุขจังหวัด,,0.0,58,จ.แม่ฮ่องสอน,1,อ.เมืองแม่ฮ่องสอน,1, ต.จองคำ,0,หมู่ 0,1,เปิดดำเนินการ,ขุนลุมประภาส,58000.0,053-611281,053-611322,,,S,บริการ  ,,,,,,,,,45, 
63100,สำนักงานสาธารณสุขอำเภอเมืองแม่ฮ่องสอน,21002,กระทรวงสาธารณสุข สำนักงานปลัดกระทรวงสาธารณสุข,2,สำนักงานสาธารณสุขอำเภอ,,0.0,58,จ.แม่ฮ่องสอน,1,อ.เมืองแม่ฮ่องสอน,4, ต.ปางหมู,0,หมู่ 0,1,เปิดดำเนินการ,,58000.0,053-611530,,,,A,บริหาร  ,,,,,,,,,631, 
63200,สำนักงานสาธารณสุขอำเภอขุนยวม,21002,กระทรวงสาธารณสุข สำนักงานปลัดกระทรวงสาธารณสุข,2,สำนักงานสาธารณสุขอำเภอ,,0.0,58,จ.แม่ฮ่องสอน,2,อ.ขุนยวม,1, ต.ขุนยวม,0,หมู่ 0,1,เปิดดำเนินการ,,58000.0,053-691105,,,,A,บริหาร  ,,,,,,,,,632, 
63300,สำนักงานสาธารณสุขอำเภอปาย,21002,กระทรวงสาธารณสุข สำนักงานปลัดกระทรวงสาธารณสุข,2,สำนักงานสาธารณสุขอำเภอ,,0.0,58,จ.แม่ฮ่องสอน,3,อ.ปาย,1, ต.เวียงใต้,0,หมู่ 0,1,เปิดดำเนินการ,,58000.0,053-699210,,,,A,บริหาร  ,,,,,,,,,633, 
63500,สำนักงานสาธารณสุขอำเภอแม่ลาน้อย,21002,กระทรวงสาธารณสุข สำนักงานปลัดกระทรวงสาธารณสุข,2,สำนักงานสาธารณสุขอำเภอ,,0.0,58,จ.แม่ฮ่องสอน,5,อ.แม่ลาน้อย,1, ต.แม่ลาน้อย,0,หมู่ 0,1,เปิดดำเนินการ,,58000.0,053-689026,,,,A,บริหาร  ,,,,,,,,,635, 
63400,สำนักงานสาธารณสุขอำเภอแม่สะเรียง,21002,กระทรวงสาธารณสุข สำนักงานปลัดกระทรวงสาธารณสุข,2,สำนักงานสาธารณสุขอำเภอ,,0.0,58,จ.แม่ฮ่องสอน,4,อ.แม่สะเรียง,1, ต.บ้านกาศ,0,หมู่ 0,1,เปิดดำเนินการ,,58000.0,053-681310,,,,A,บริหาร  ,,,,,,,,,634, 
63600,สำนักงานสาธารณสุขอำเภอสบเมย,21002,กระทรวงสาธารณสุข สำนักงานปลัดกระทรวงสาธารณสุข,2,สำนักงานสาธารณสุขอำเภอ,,0.0,58,จ.แม่ฮ่องสอน,6,อ.สบเมย,1, ต.สบเมย,0,หมู่ 0,1,เปิดดำเนินการ,,58000.0,053-618074,,,,A,บริหาร  ,,,,,,,,,636, 
63700,สำนักงานสาธารณสุขอำเภอปางมะผ้า,21002,กระทรวงสาธารณสุข สำนักงานปลัดกระทรวงสาธารณสุข,2,สำนักงานสาธารณสุขอำเภอ,,0.0,58,จ.แม่ฮ่องสอน,7,อ.ปางมะผ้า,1, ต.สบป่อง,0,หมู่ 0,1,เปิดดำเนินการ,,58000.0,053-617142,,,,A,บริหาร  ,,,,,,,,,637, 
1054400,สถานบริการสาธารณสุขชุมชนบ้านบุญเลอ,21002,กระทรวงสาธารณสุข สำนักงานปลัดกระทรวงสาธารณสุข,4,สถานบริการสาธารณสุขชุมชน,,,58,จ.แม่ฮ่องสอน,6,อ.สบเมย,6, ต.แม่สามแลบ,5,หมู่ 5,1,เปิดดำเนินการ,,,,,10.0,1 ปฐมภูมิ,S,บริการ  ,,,เพิ่มรหัส 5 หลัก,,,,,,10544, 
1052000,สถานบริการสาธารณสุขชุมชนบ้านแม่แลน,21002,กระทรวงสาธารณสุข สำนักงานปลัดกระทรวงสาธารณสุข,4,สถานบริการสาธารณสุขชุมชน,,,58,จ.แม่ฮ่องสอน,5,อ.แม่ลาน้อย,1, ต.แม่ลาน้อย,6,หมู่ 6,1,เปิดดำเนินการ,,58000.0,,,10.0,1 ปฐมภูมิ,S,บริการ  ,,,เพิ่มรหัส 5 หลัก,,,,,,10520, 
1049200,สถานบริการสาธารณสุขชุมชนบ้านห้วยต้นนุ่น,21002,กระทรวงสาธารณสุข สำนักงานปลัดกระทรวงสาธารณสุข,4,สถานบริการสาธารณสุขชุมชน,,,58,จ.แม่ฮ่องสอน,2,อ.ขุนยวม,2, ต.แม่เงา,4,หมู่ 4,1,เปิดดำเนินการ,,58000.0,,,10.0,1 ปฐมภูมิ,S,บริการ  ,,,,,,,,,10492, 
1051400,สถานบริการสาธารณสุขชุมชนแม่อุมลองน้อย,21002,กระทรวงสาธารณสุข สำนักงานปลัดกระทรวงสาธารณสุข,4,สถานบริการสาธารณสุขชุมชน,,,58,จ.แม่ฮ่องสอน,4,อ.แม่สะเรียง,8, ต.ป่าแป๋,2,หมู่ 2,1,เปิดดำเนินการ,,58000.0,,,10.0,1 ปฐมภูมิ,S,บริการ  ,,,,,,,,,10514, 
1049800,สำนักงานสาธารณสุขชุมชนบ้านผีลู,21002,กระทรวงสาธารณสุข สำนักงานปลัดกระทรวงสาธารณสุข,4,สถานบริการสาธารณสุขชุมชน,,,58,จ.แม่ฮ่องสอน,3,อ.ปาย,3, ต.แม่นาเติง,9,หมู่ 9,1,เปิดดำเนินการ,,58000.0,,,10.0,1 ปฐมภูมิ,S,บริการ  ,,,,,,,,,10498, 
1054200,สถานบริการสาธารณสุขชุมชนบ้านแม่ตอละ,21002,กระทรวงสาธารณสุข สำนักงานปลัดกระทรวงสาธารณสุข,4,สถานบริการสาธารณสุขชุมชน,,,58,จ.แม่ฮ่องสอน,6,อ.สบเมย,6, ต.แม่สามแลบ,2,หมู่ 2,1,เปิดดำเนินการ,,,,,10.0,1 ปฐมภูมิ,S,บริการ  ,,,เพิ่มรหัส 5 หลัก,,,,,,10542, 
1053700,สถานบริการสาธารณสุขชุมชนบ้านแม่หลุยหลวง,21002,กระทรวงสาธารณสุข สำนักงานปลัดกระทรวงสาธารณสุข,4,สถานบริการสาธารณสุขชุมชน,,,58,จ.แม่ฮ่องสอน,6,อ.สบเมย,4, ต.แม่สวด,4,หมู่ 4,1,เปิดดำเนินการ,,,,,10.0,1 ปฐมภูมิ,,,,,เพิ่มเติมข้อมูล,,,,,,10537, 
1053900,สถานบริการสาธารณสุขชุมชนบ้านห้วยกุ้ง,21002,กระทรวงสาธารณสุข สำนักงานปลัดกระทรวงสาธารณสุข,4,สถานบริการสาธารณสุขชุมชน,,,58,จ.แม่ฮ่องสอน,6,อ.สบเมย,5, ต.ป่าโปง,1,หมู่ 1,1,เปิดดำเนินการ,,,,,10.0,1 ปฐมภูมิ,S,บริการ  ,,,เพิ่มรหัส 5 หลัก,,,,,,10539, 
1051800,สถานบริการสาธารณสุขชุมชนบ้านแม่สปิ้ง,21002,กระทรวงสาธารณสุข สำนักงานปลัดกระทรวงสาธารณสุข,4,สถานบริการสาธารณสุขชุมชน,,,58,จ.แม่ฮ่องสอน,5,อ.แม่ลาน้อย,1, ต.แม่ลาน้อย,3,หมู่ 3,1,เปิดดำเนินการ,,58000.0,,,10.0,1 ปฐมภูมิ,S,บริการ  ,,,เพิ่มรหัส 5 หลัก,,,,,,10518, 
1048900,สถานบริการสาธารณสุขชุมชนบ้านห้วยเดื่อ,21002,กระทรวงสาธารณสุข สำนักงานปลัดกระทรวงสาธารณสุข,4,สถานบริการสาธารณสุขชุมชน,,,58,จ.แม่ฮ่องสอน,1,อ.เมืองแม่ฮ่องสอน,3, ต.ผาบ่อง,3,หมู่ 3,1,เปิดดำเนินการ,,58000.0,,,10.0,1 ปฐมภูมิ,S,บริการ  ,,,,,,,,,10489, 
1051500,สถานบริการสาธารณสุขชุมชนบ้านห้วยเดื่อเหนือ,21002,กระทรวงสาธารณสุข สำนักงานปลัดกระทรวงสาธารณสุข,4,สถานบริการสาธารณสุขชุมชน,,,58,จ.แม่ฮ่องสอน,4,อ.แม่สะเรียง,8, ต.ป่าแป๋,5,หมู่ 5,1,เปิดดำเนินการ,,58000.0,,,10.0,1 ปฐมภูมิ,S,บริการ  ,,,,,,,,,10515, 
1051700,สำนักงานสาธารณสุขชุมชนบ้านแม่ปุ้น,21002,กระทรวงสาธารณสุข สำนักงานปลัดกระทรวงสาธารณสุข,4,สถานบริการสาธารณสุขชุมชน,,,58,จ.แม่ฮ่องสอน,4,อ.แม่สะเรียง,8, ต.ป่าแป๋,9,หมู่ 9,1,เปิดดำเนินการ,,58000.0,,,10.0,1 ปฐมภูมิ,S,บริการ  ,,,,,,,,,10517, 
1052200,สถานบริการสาธารณสุขชุมชนบ้านห้วยกองเป๊าะ,21002,กระทรวงสาธารณสุข สำนักงานปลัดกระทรวงสาธารณสุข,4,สถานบริการสาธารณสุขชุมชน,,,58,จ.แม่ฮ่องสอน,5,อ.แม่ลาน้อย,2, ต.แม่ลาหลวง,3,หมู่ 3,1,เปิดดำเนินการ,,58000.0,,,10.0,1 ปฐมภูมิ,S,บริการ  ,,,,,,,,,10522, 
1050000,สถานบริการสาธารณสุขชุมชนบ้านดอนช้าง,21002,กระทรวงสาธารณสุข สำนักงานปลัดกระทรวงสาธารณสุข,4,สถานบริการสาธารณสุขชุมชน,,,58,จ.แม่ฮ่องสอน,3,อ.ปาย,4, ต.แม่ฮี้,1,หมู่ 1,1,เปิดดำเนินการ,,58000.0,,,10.0,1 ปฐมภูมิ,S,บริการ  ,,,เพิ่มรหัส 5 หลัก,,,,,,10500, 
1050200,สถานบริการสาธารณสุขชุมชนบ้านห้วยหมี,21002,กระทรวงสาธารณสุข สำนักงานปลัดกระทรวงสาธารณสุข,4,สถานบริการสาธารณสุขชุมชน,,,58,จ.แม่ฮ่องสอน,3,อ.ปาย,7, ต.โป่งสา,4,หมู่ 4,1,เปิดดำเนินการ,,58000.0,,,10.0,1 ปฐมภูมิ,S,บริการ  ,,,,,,,,,10502, 
1050300,สถานบริการสาธารณสุขชุมชนบ้านแม่เหมือนหลวง,21002,กระทรวงสาธารณสุข สำนักงานปลัดกระทรวงสาธารณสุข,4,สถานบริการสาธารณสุขชุมชน,,,58,จ.แม่ฮ่องสอน,3,อ.ปาย,7, ต.โป่งสา,4,หมู่ 4,1,เปิดดำเนินการ,,58000.0,,,10.0,1 ปฐมภูมิ,S,บริการ  ,,,เพิ่มรหัส 5 หลัก,,,,,,10503, 
1050400,สถานบริการสาธารณสุขชุมชนบ้านขุนสาใน,21002,กระทรวงสาธารณสุข สำนักงานปลัดกระทรวงสาธารณสุข,4,สถานบริการสาธารณสุขชุมชน,,,58,จ.แม่ฮ่องสอน,3,อ.ปาย,7, ต.โป่งสา,5,หมู่ 5,1,เปิดดำเนินการ,,58000.0,,,10.0,1 ปฐมภูมิ,S,บริการ  ,,,เพิ่มรหัส 5 หลัก,,,,,,10504, 
1050600,สถานบริการสาธารณสุขชุมชนบ้านห้วยกองแป,21002,กระทรวงสาธารณสุข สำนักงานปลัดกระทรวงสาธารณสุข,4,สถานบริการสาธารณสุขชุมชน,,,58,จ.แม่ฮ่องสอน,4,อ.แม่สะเรียง,3, ต.แม่คง,3,หมู่ 3,1,เปิดดำเนินการ,,58000.0,,,10.0,1 ปฐมภูมิ,S,บริการ  ,,,เพิ่มรหัส 5 หลัก,,,,,,10506, 
1050700,สถานบริการสาธารณชุมชนสุขบ้านจอสิเดอ,21002,กระทรวงสาธารณสุข สำนักงานปลัดกระทรวงสาธารณสุข,4,สถานบริการสาธารณสุขชุมชน,,,58,จ.แม่ฮ่องสอน,4,อ.แม่สะเรียง,3, ต.แม่คง,3,หมู่ 3,1,เปิดดำเนินการ,,58000.0,,,10.0,1 ปฐมภูมิ,S,บริการ  ,,,เพิ่มรหัส 5 หลัก,,,,,,10507, 
1051200,สำนักงานสาธารณสุขชุมชนบ้านท่าตาฝั่ง,21002,กระทรวงสาธารณสุข สำนักงานปลัดกระทรวงสาธารณสุข,4,สถานบริการสาธารณสุขชุมชน,,,58,จ.แม่ฮ่องสอน,4,อ.แม่สะเรียง,5, ต.แม่ยวม,7,หมู่ 7,1,เปิดดำเนินการ,,58000.0,,,10.0,1 ปฐมภูมิ,S,บริการ  ,,,เพิ่มรหัส 5 หลัก,,,,,,10512, 
1051300,สำนักงานสาธารณสุขชุมชนแม่กองคา,21002,กระทรวงสาธารณสุข สำนักงานปลัดกระทรวงสาธารณสุข,4,สถานบริการสาธารณสุขชุมชน,,,58,จ.แม่ฮ่องสอน,4,อ.แม่สะเรียง,5, ต.แม่ยวม,10,หมู่ 10,1,เปิดดำเนินการ,,58000.0,,,10.0,1 ปฐมภูมิ,S,บริการ  ,,,เพิ่มรหัส 5 หลัก,,,,,,10513, 
1052100,สถานบริการสาธรณสุขชุมชนบ้านแม่ละมอง,21002,กระทรวงสาธารณสุข สำนักงานปลัดกระทรวงสาธารณสุข,4,สถานบริการสาธารณสุขชุมชน,,,58,จ.แม่ฮ่องสอน,5,อ.แม่ลาน้อย,1, ต.แม่ลาน้อย,11,หมู่ 11,1,เปิดดำเนินการ,,58000.0,,,10.0,1 ปฐมภูมิ,S,บริการ  ,,,,,,,,,10521, 
1052500,สถานบริการสาธารณสุขชุมชนบ้ายนดง,21002,กระทรวงสาธารณสุข สำนักงานปลัดกระทรวงสาธารณสุข,4,สถานบริการสาธารณสุขชุมชน,,,58,จ.แม่ฮ่องสอน,5,อ.แม่ลาน้อย,5, ต.ห้วยห้อม,5,หมู่ 5,1,เปิดดำเนินการ,,58000.0,,,10.0,1 ปฐมภูมิ,S,บริการ  ,,,เพิ่มรหัส 5 หลัก,,,,,,10525, 
1071900,โรงพยาบาลศรีสังวาลย์,21002,กระทรวงสาธารณสุข สำนักงานปลัดกระทรวงสาธารณสุข,6,โรงพยาบาลทั่วไป,S    ,150.0,58,จ.แม่ฮ่องสอน,1,อ.เมืองแม่ฮ่องสอน,1, ต.จองคำ,0,หมู่ 0,1,เปิดดำเนินการ,101 ถ.สีหนาทบำรุง ,58000.0,53611398,,23.0,2.3 ทุติยภูมิระดับสูง,S,บริการ  ,,,,,,,,,10719, 
1120500,โรงพยาบาลแม่สะเรียง,21002,กระทรวงสาธารณสุข สำนักงานปลัดกระทรวงสาธารณสุข,7,โรงพยาบาลชุมชน,M2   ,115.0,58,จ.แม่ฮ่องสอน,4,อ.แม่สะเรียง,2, ต.แม่สะเรียง,1,หมู่ 1,1,เปิดดำเนินการ,74,58110.0,,,21.0,2.1 ทุติยภูมิระดับต้น,,,,,,,,,,,11205, 
1120700,โรงพยาบาลสบเมย,21002,กระทรวงสาธารณสุข สำนักงานปลัดกระทรวงสาธารณสุข,7,โรงพยาบาลชุมชน,F2   ,30.0,58,จ.แม่ฮ่องสอน,6,อ.สบเมย,4, ต.แม่สวด,1,หมู่ 1,1,เปิดดำเนินการ,135 ม.1 ,58110.0,,,21.0,2.1 ทุติยภูมิระดับต้น,,,,,,,,,,,11207, 
682500,โรงพยาบาลส่งเสริมสุขภาพตำบลห้วยโป่ง,21002,กระทรวงสาธารณสุข สำนักงานปลัดกระทรวงสาธารณสุข,18,โรงพยาบาลส่งเสริมสุขภาพตำบล,,0.0,58,จ.แม่ฮ่องสอน,1,อ.เมืองแม่ฮ่องสอน,2, ต.ห้วยโป่ง,1,หมู่ 1,1,เปิดดำเนินการ,,58000.0,,,10.0,1 ปฐมภูมิ,S,บริการ  ,,,,,,,,,6825, 
682600,โรงพยาบาลส่งเสริมสุขภาพตำบลป่าลาน,21002,กระทรวงสาธารณสุข สำนักงานปลัดกระทรวงสาธารณสุข,18,โรงพยาบาลส่งเสริมสุขภาพตำบล,,0.0,58,จ.แม่ฮ่องสอน,1,อ.เมืองแม่ฮ่องสอน,2, ต.ห้วยโป่ง,3,หมู่ 3,1,เปิดดำเนินการ,,58000.0,,,10.0,1 ปฐมภูมิ,S,บริการ  ,,,,,,,,,6826, 
685700,โรงพยาบาลส่งเสริมสุขภาพตำบลเมืองแปง,21002,กระทรวงสาธารณสุข สำนักงานปลัดกระทรวงสาธารณสุข,18,โรงพยาบาลส่งเสริมสุขภาพตำบล,,0.0,58,จ.แม่ฮ่องสอน,3,อ.ปาย,6, ต.เมืองแปง,1,หมู่ 1,1,เปิดดำเนินการ,,,,,10.0,1 ปฐมภูมิ,,,,,,,,,,,6857, 
1050100,โรงพยาบาลส่งเสริมสุขภาพตำบลห้วยหมี,21002,กระทรวงสาธารณสุข สำนักงานปลัดกระทรวงสาธารณสุข,18,โรงพยาบาลส่งเสริมสุขภาพตำบล,,0.0,58,จ.แม่ฮ่องสอน,3,อ.ปาย,6, ต.เมืองแปง,7,หมู่ 7,1,เปิดดำเนินการ,,58000.0,,,10.0,1 ปฐมภูมิ,S,บริการ  ,,,,,,,,,10501, 
687700,โรงพยาบาลส่งเสริมสุขภาพตำบลบ้านแม่ฮุ  ตำบลแม่ลาน้อย,21002,กระทรวงสาธารณสุข สำนักงานปลัดกระทรวงสาธารณสุข,18,โรงพยาบาลส่งเสริมสุขภาพตำบล,,,58,จ.แม่ฮ่องสอน,5,อ.แม่ลาน้อย,1, ต.แม่ลาน้อย,4,หมู่ 4,1,เปิดดำเนินการ,ม.4 ,58000.0,,,10.0,1 ปฐมภูมิ,S,บริการ  ,9.0,อื่นๆ,แก้ไขตำบลจากสันติคีรี เป็นแม่ลาน้อย เปลี่ยนหมู่จาก ม.3 เป็น ม.4,,,,,,6877, 
683500,โรงพยาบาลส่งเสริมสุขภาพตำบลห้วยผา,21002,กระทรวงสาธารณสุข สำนักงานปลัดกระทรวงสาธารณสุข,18,โรงพยาบาลส่งเสริมสุขภาพตำบล,,0.0,58,จ.แม่ฮ่องสอน,1,อ.เมืองแม่ฮ่องสอน,6, ต.ห้วยผา,1,หมู่ 1,1,เปิดดำเนินการ,,58000.0,,,10.0,1 ปฐมภูมิ,S,บริการ  ,,,,,,,,,6835, 
1402700,โรงพยาบาลส่งเสริมสุขภาพตำบลห้วยม่วง,21002,กระทรวงสาธารณสุข สำนักงานปลัดกระทรวงสาธารณสุข,18,โรงพยาบาลส่งเสริมสุขภาพตำบล,,0.0,58,จ.แม่ฮ่องสอน,6,อ.สบเมย,4, ต.แม่สวด,2,หมู่ 2,1,เปิดดำเนินการ,,,,,10.0,1 ปฐมภูมิ,,,,,,,,,,,14027, 
683100,โรงพยาบาลส่งเสริมสุขภาพตำบลในสอย,21002,กระทรวงสาธารณสุข สำนักงานปลัดกระทรวงสาธารณสุข,18,โรงพยาบาลส่งเสริมสุขภาพตำบล,,0.0,58,จ.แม่ฮ่องสอน,1,อ.เมืองแม่ฮ่องสอน,4, ต.ปางหมู,4,หมู่ 4,1,เปิดดำเนินการ,,58000.0,,,10.0,1 ปฐมภูมิ,S,บริการ  ,,,,,,,,,6831, 
